FirstName,LastName,FullName,FirstNameNative,LastNameNative,FullNameNative,Gender,Language
Arif,Ramadhan,Arif Ramadhan,Arif,Ramadhan,Arif Ramadhan,Male,Indonesian
Jaroslav,Cerny,Jaroslav Cerny,Jaroslav,Černý,Jaroslav Černý,Male,Czech
Sumber ,Agvaan,Sumber Agvaan,Сүмбэр,Агваан,Сүмбэр Агваан,Male,Mongolian
Ivet,Castelló,Ivet Castelló,Ivet,Castelló,Ivet Castelló,Female,Catalan
Joyikutty,Thankachan,Joyikutty Thankachan,ജോയിക്കുട്ടി,തങ്കച്ചൻ,ജോയിക്കുട്ടി തങ്കച്ചൻ,Male,Malayalam
Margrét,Magnúsdóttir,Margrét Magnúsdóttir,Margrét,Magnúsdóttir,Margrét Magnúsdóttir,Female,Icelandic
Dwi,Ananda,Dwi Ananda,Dwi,Ananda,Dwi Ananda,Gender neutral,Indonesian
Ramin,Chiya,Ramin Chiya,ڕامین,چییا,ڕامین چییا,Male,Kurdish
Konstantina,Roussou,Konstantina Roussou,Κωνσταντίνα,Ρούσσου,Κωνσταντίνα Ρούσσου,Female,Greek
Rasika,Moktan,Rasika Moktan,रसिका,मोक्तान,रसिका मोक्तान,Female,Nepali
Agung,Raharjo,Agung Raharjo,Agung,Raharjo,Agung Raharjo,Male,Indonesian
Lai,Chou,Lai Chou,柏友,周,周柏友,Male,Chinese Traditional (Taiwan)
Pavla,Machova,Pavla Machova,Pavla,Machová,Pavla Machová,Female,Czech
Anca,Preda,Anca Preda,Anca,Preda,Anca Preda,Female,Romanian
Asuka,Uchida,Asuka Uchida,明日華,内田,内田 明日華,Female,Japanese
Gaureeshankar,Bose,Gaureeshankar Bose,গৌরীশংকর,বোস,গৌরীশংকর বোস,Male,Bangla (Bangladesh)
Binta,Sow,Binta Sow,Binta,Sow,Binta Sow,Female,Wolof
Semet,Alim,Semet Alim,سەمەت,ئالىم,سەمەت ئالىم,Male,Uyghur
Kakajan,Yazgeldiyew,Kakajan Yazgeldiyew,Kakajan,Ýazgeldiyew,Kakajan Ýazgeldiyew,Male,Turkmen
YishaK,Epherem,YishaK Epherem,ይስሃቅ,ኤፍሬም,ይስሃቅ ኤፍሬም,Male,Tigrinya
Alexandru,Niculescu,Alexandru Niculescu,Alexandru,Niculescu,Alexandru Niculescu,Male,Romanian
Theo,McAllister,Theo McAllister,Theo,McAllister,Theo McAllister,Male,English (United Kingdom)
Osman,Hanafi,Osman Hanafi,Hanafi,Osman Hanafi,Hanafi Osman Hanafi,Male,Malay
Stevan,Danicic,Stevan Danicic,Стеван,Даничић,Стеван Даничић,Male,Serbian (Cyrillic - Serbia)
You,Ke,You Ke,攸,柯,柯攸,Male,Chinese Simplified (China)
Mirjana,Ralevic,Mirjana Ralevic,Mirjana,Ralević,Mirjana Ralević,Female,Serbian (Latin - Serbia)
Linas,Saltis,Linas Saltis,Linas,Šaltis,Linas Šaltis,Male,Lithuanian
Toni,Blazevic,Toni Blažević    ,Toni Blažević    ,Toni Blažević    ,Toni Blažević    ,Male,Croatian
Alea,Natsheh,Alea Natsheh,علياء,ناتشي,علياء ناتشي,Female,Arabic
Gantulga,Sereeter,Gantulga Sereeter,Гантулга,Сэрээтэр,Гантулга Сэрээтэр,Male,Mongolian
Danas,Barkus,Danas Barkus,Danas,Barkus,Danas Barkus,Male,Lithuanian
Miroslav,Svoboda,Miroslav Svoboda,Miroslav,Svoboda,Miroslav Svoboda,Male,Czech
Nuno,Rivas,Nuno Rivas,Nuno,Rivas,Nuno Rivas,Male,Galician
Martin,Cahua,Martin Cahua,Martín,Cahua,Martín Cahua,Male,Quechua
Jørgen,Hammersmark,Jørgen Hammersmark,Jørgen,Hammersmark,Jørgen Hammersmark,Male,Norwegian
Mark,Johansson,Mark Johansson,Mark,Johansson,Mark Johansson,Male,Swedish
Tatsuki,Ito,Tatsuki Ito,龍希,伊藤,伊藤 龍希,Gender neutral,Japanese
Lúa,Barcia,Lúa Barcia,Lúa,Barcia,Lúa Barcia,Female,Galician
Maneephone,Sybounhuang,Maneephone Sybounhuang,ມະນີພອນ,ສີບຸນເຮືອງ,ມະນີພອນ ສີບຸນເຮືອງ,Female,Lao
Samira,Ahmadian,Samira Ahmadian,سمیرا,احمدیان,سمیرا احمدیان,Female,Persian
Tsehayetu,Abera,Tsehayetu Abera,ጸሓይቱ,ኣበራ,ጸሓይቱ ኣበራ,Female,Tigrinya
Rada,Mihaylova,Rada Mihaylova,Рада,Михайлова,Рада Михайлова,Female,Bulgarian
Radmila,Jevtic,Radmila Jevtic,Радмила,Јевтић,Радмила Јевтић,Female,Serbian (Cyrillic - Serbia)
Seyha,Meas,Seyha Meas,សីហា,មាស,សីហា មាស,Male,Khmer
Ayesha,Luqman,Ayesha Luqman,عائشہ,لقمان,عائشہ لقمان,Female,Punjabi (Pakistan)
Odewale,Adewumi,Odewale Adewumi,Ọdẹ́wálé,Adéwùmí,Ọdẹ́wálé Adéwùmí,Male,Yoruba
Andile,Mbude,Andile Mbude,Andile,Mbude,Andile Mbude,Male,isiXhosa
Cecilio,Casanova,Cecilio Casanova,Cecilio,Casanova,Cecilio Casanova,Male,Spanish (Spain)
Ricardo,Cavalcanti,Ricardo Cavalcanti,Ricardo,Cavalcanti,Ricardo Cavalcanti,Male,Portuguese (Brazil)
Jøran,Steen,Jøran Steen,Jøran,Steen,Jøran Steen,Gender neutral,Norwegian
Victor,Torrez,Víctor Torrez,Victor,Torrez,Víctor Torrez,Male,Quechua
Inga,Arnfinsen,Inga Arnfinsen,Inga,Arnfinsen,Inga Arnfinsen,Female,Norwegian
Mario,Vesik,Mario Vesik,Mario,Vesik,Mario Vesik,Male,Estonian
Indra,Devi,Indra Devi,Indra,Devi,Indra Devi,Gender neutral,Malay
Linda,Skistad,Linda Skistad,Linda,Skistad,Linda Skistad,Female,Norwegian
Heru,Zulkarnain,Heru Zulkarnain,Heru,Zulkarnain,Heru Zulkarnain,Male,Indonesian
Ashril,Hussein,Ashril Hussein,Hussein,Ashril Hussein,Hussein Ashril Hussein,Male,Malay
Maša,Jovic,Maša Jovic,Maša,Jović,Maša Jović,Female,Serbian (Latin - Serbia)
Rowena,Castro,Rowena Castro,Rowena,Castro,Rowena Castro,Female,Filipino
Jørgen,Hammersmark,Jørgen Hammersmark,Jørgen,Hammersmark,Jørgen Hammersmark,Male,Norwegian
Timea,Boros,Boros Timea,Tímea,Boros,Boros Tímea,Female,Hungarian
Jorge,Andrade,Jorge Andrade,Jorge,Andrade,Jorge Andrade,Male,Portuguese (Portugal)
Elena,Ristovska,Elena Ristovska,Елена,Ристовска,Елена Ристовска,Female,Macedonian
Josef,Cizek,Josef Cizek,Josef,Čížek,Josef Čížek,Male,Czech
Tereza,Cermakova,Tereza Jelinkova,Tereza , Jelínková,Tereza Jelínková,Female,Czech
Bagul,Atayewa,Bagul Atayewa,Bägül,Ataýewa,Bägül Ataýewa,Female,Turkmen
Marie,Berthelette,Marie Berthelette,Marie,Berthelette,Marie Berthelette,Female,French (France)
Wichid,Sriwarunyu,Wichid Sriwarunyu,วิจิตร,ศรีวรัญญู,วิจิตร ศรีวรัญญู,Gender neutral,Thai
Yayat,Sukayat,Yayat Sukayat,Yayat,Sukayat,Yayat Sukayat,Male,Indonesian
Aina,Ferrés,Aina Ferrés,Aina,Ferrés,Aina Ferrés,Female,Catalan
Zuzana,Dvorakova ,Zuzana Dvorakova ,Zuzana,Dvořáková,Zuzana Dvořáková,Female,Czech
Aditya,Pratama,Aditya Pratama,Aditya,Pratama,Aditya Pratama,Male,Indonesian
Amal,Pradhan,Amal Pradhan,अमल,प्रधान,अमल प्रधान,Male,Nepali
Dalia,Pelayo,Dalia Pelayo,Dalia,Pelayo,Dalia Pelayo,Female,Spanish (Spain)
Bulelani,Ntloko,Bulelani Ntloko,Bulelani,Ntloko,Bulelani Ntloko,Male,isiXhosa
Masego,Setshogo,Masego Setshogo,Masego,Setshogo,Masego Setshogo,Female,Setswana
Shaan,Das,Shaan Das,শান,দাশ,শান দাশ,Male,Bangla (Bangladesh)
Sam,Heiderscheid,Sam Heiderscheid,Sam,Heiderscheid,Sam Heiderscheid,Gender neutral,Luxembourgish
Piotr,Tomaszewski,Piotr Tomaszewski,Piotr,Tomaszewski,Piotr Tomaszewski,Male,Polish
Roman,Polakovic,Roman Polakovic,Roman,Polakovič,Roman Polakovič,Male,Slovak
Isabelle,Deniger,Isabelle Deniger,Isabelle,Déniger,Isabelle Déniger,Female,French (France)
Bianka,Nemeth,Nemeth Bianka,Bianka,Németh,Németh Bianka,Female,Hungarian
Vahan,Margaryan,Vahan Margaryan,Վահան,Մարգարյան,Վահան Մարգարյան,Male,Armenian
Zerya,Berfin,Zerya Berfin,زەریا,بەرفین,زەریا بەرفین,Female,Kurdish
Veronica,Fuentes,Verónica Fuentes,Verónica,Fuentes,Verónica Fuentes,Female,Spanish (Spain)
Noa,Rozen,Noa Rozen,נועה,רוזן,נועה רוזן,Female,Hebrew
Mikel,Shurdha,Mikel Shurdha,Mikel,Shurdha,Mikel Shurdha,Male,Albanian
Jari,Kantee,Jari Kantee,Jari,Kantee,Jari Kantee,Male,Finnish
Candela,Arrais,Candela Arrais,Candela,Arrais,Candela Arrais,Female,Spanish (Mexico)
Maurice,Boulet,Maurice Boulet,Maurice,Boulet,Maurice Boulet,Male,French (Canada)
Shokat,Nadeem,Shokat Nadeem,شوکت,ندیم,شوکت ندیم,Male,Punjabi (Pakistan)
Dalia,Pelayo,Dalia Pelayo,Dalia,Pelayo,Dalia Pelayo,Female,Spanish (Mexico)
Saraana,Dendev,Saraana Dendev,Сараана,Дэндэв,Сараана Дэндэв,Female,Mongolian
Diana,Aunina,Diana Aunina,Diāna,Auniņa,Diāna Auniņa,Female,Latvian
Kire,Jovanov,Kire Jovanov,Кире,Јованов,Кире Јованов,Male,Macedonian
Gor,Hovhannisyan,Gor Hovhannisyan,Գոռ,Հովհաննիսյան,Գոռ Հովհաննիսյան,Male,Armenian
Gilbert,Coupart,Gilbert Coupart,Gilbert,Coupart,Gilbert Coupart,Male,French (Canada)
Tegwen,Huws,Tegwen Huws,Tegwen,Huws,Tegwen Huws,Female,Welsh
Jiao,Zhong,Jiao Zhong,姣,钟,钟姣,Female,Chinese Simplified (China)
Alain,Lacoste,Alain Lacoste,Alain,Lacoste,Alain Lacoste,Male,French (Canada)
Gabriel,Woods,Gabriel Woods,Gabriel,Woods,Gabriel Woods,Male,English (United Kingdom)
Janina,Dargyte,Janina Dargyte,Janina,Dargytė,Janina Dargytė,Female,Lithuanian
Shi,He,Shi He,石,何,何石,Male,Chinese Simplified (China)
Sascha,Lange,Sascha Lange,Sascha,Lange,Sascha Lange,Gender neutral,German
Austėja,Valaitė,Austėja Valaitė,Austėja,Valaitė,Austėja Valaitė,Female,Lithuanian
Ana,Todorovic,Ana Todorovic,Ана,Тодоровић,Ана Тодоровић,Female,Serbian (Cyrillic - BiH)
Tainui,Rākete,Tainui Rākete,Tainui,Rākete,Tainui Rākete,Gender neutral,Maori
Vener,Rayanov,Rayanov Vener Bulat uly,Венер,Раянов,Раянов Венер Булат улы,Male,Tatar
Hsin-chieh,Li,Hsin-chieh Li,欣潔,李,李欣潔,Female,Chinese Traditional (Taiwan)
Andoni,Karrikaburua,Andoni Karrikaburua,Andoni,Karrikaburua,Andoni Karrikaburua,Male,Basque
Zhaniya,Orynbasar,Zhaniya Orynbasar,Жания,Орынбасар,Жания Орынбасар,Female,Kazakh
Ayesha,Khalique,Ayesha Khalique,آئيشا,خالق,آئيشا خالق,Female,Sindhi (Pakistan)
Chandrima,Sen,Chandrima Sen,চন্দ্রিমা,সেন,চন্দ্রিমা সেন,Female,Bangla (Bangladesh)
Dariia,Kochur,Dariia Kochur,Дарія,Кочур,Дарія Кочур,Female,Ukrainian
Elif,Demir,Elif Demir,Elif,Demir,Elif Demir,Gender neutral,German
Gehad,Kerazi,Gehad Kerazi,جهاد,كرازي,جهاد كرازي,Gender neutral,Arabic
Igor,Aleksovski,Igor Aleksovski,Атанас,Пејовски,Атанас Пејовски,Male,Macedonian
Donald,Urquhart,Donald Urquhart,Dòmhnall,Urchardan,Dòmhnall Urchardan,Male,Scottish Gaelic
Meaza,Goitom,Meaza Goitom,መዓዛ,ጎይትዖም,መዓዛ ጎይትኦም,Female,Tigrinya
Vanna,Nhoy,Vanna Nhoy,វណ្ណា,ងុយ,វណ្ណា ងុយ,Male,Khmer
Ginette,Müller,Ginette Müller,Ginette,Müller,Ginette Müller,Female,Luxembourgish
Markus,Long,Markus Long,Markus,Long,Markus Long,Male,English (United States)
Mayang,Damayanti,Mayang Damayanti,Mayang,Damayanti,Mayang Damayanti,Female,Indonesian
Elena,Nilsson,Elena Nilsson,Elena,Nilsson,Elena Nilsson,Female,Scottish Gaelic
Petr,Konecny,Petr Konecny,Petr,Konečný,Petr Konečný,Male,Czech
Oma,Yli-Sirniö,Oma Yli-Sirniö,Oma,Yli-Sirniö,Oma Yli-Sirniö,Gender neutral,Finnish
Gerolamo,Iadanza,Gerolamo Iadanza,Gerolamo,Iadanza,Gerolamo Iadanza,Male,Italian
Victoria,Ene,Victoria Ene,Victoria,Ene,Victoria Ene,Female,Romanian
Oriol,Benavent,Oriol Benavent,Oriol,Benavent,Oriol Benavent,Male,Catalan
Casey,Whitmore,Casey Whitmore,Casey,Whitmore,Casey Whitmore,Gender neutral,English (United Kingdom)
I-chen,Hsieh,I-chen Hsieh,宜真,謝,謝宜真,Female,Chinese Traditional (Taiwan)
Narine,Gasparyan,Narine Gasparyan,Նարինե,Գասպարյան,Նարինե Գասպարյան,Female,Armenian
Arthur,Levesque,Arthur Levesque,Arthur,Lévesque,Arthur Lévesque,Male,French (Canada)
Frantisek,Mraz,Frantisek Mraz,František,Mráz,František Mráz,Male,Slovak
Mariam,Mkrtchyan,Mariam Mkrtchyan,Մարիամ,Մկրտչյան,Մարիամ Մկրտչյան,Female,Armenian
Paul,Kirsipuu,Paul Kirsipuu,Paul,Kirsipuu,Paul Kirsipuu,Male,Estonian
Sudeshna,Sharma,Sudeshna Sharma,सुदेशना,शर्मा,सुदेशना शर्मा,Female,Hindi
Kotivalo,Rautakorpi,Kotivalo Rautakorpi,Kotivalo,Rautakorpi,Kotivalo Rautakorpi,Gender neutral,Finnish
Margarida,Gouveia,Margarida Gouveia,Margarida,Gouveia,Margarida Gouveia,Female,Portuguese
Jakub,Zawadzki,Jakub Zawadzki,Jakub,Zawadzki,Jakub Zawadzki,Male,Polish
Julia,Kralikova,Julia Kralikova,Júlia,Králiková,Júlia Králiková,Female,Slovak
Fanni,Orosz,Orosz Fanni,Fanni,Orosz,Orosz Fanni,Female,Hungarian
Guner,Aktas,Guner Aktas,Güner,Aktaş,Güner Aktaş,Gender neutral,Turkish
Chris,Groenewald,Chris Groenewalt,Chris,Groenewald,Chris Groenewalt,Male,Afrikaans
Fabiola,Siciliano,Fabiola Siciliano,Fabiola,Siciliano,Fabiola Siciliano,Female,Italian
Kaur,Pihelgas,Kaur Pihelgas,Kaur,Pihelgas,Kaur Pihelgas,Male,Estonian
Zoran,Dimovski,Zoran Dimovski,Зоран,Димовски,Зоран Димовски,Male,Macedonian
Mereana,MacRae,Mereana MacRae,Mereana,MacRae,Mereana MacRae,Female,Maori
Bella,Adinda,Bella Adinda,Bella,Adinda,Bella Adinda,Female,Indonesian
Marija,Nikolic,Marija Nikolic,Марија,Николић,Марија Николић,Female,Serbian (Cyrillic - BiH)
Obrad,Gavrilovic,Obrad Gavrilovic,Обрад,Гавриловић,Обрад Гавриловић,Male,Serbian (Cyrillic - Serbia)
Sasha,Venturi,Sasha Venturi,Sasha,Venturi,Sasha Venturi,Gender neutral,Italian
Baha,Nueimat,Baha Nueimat,بها,نيومت,بها نيومت,Male,Arabic
Claude,Chasse,Claude Chasse,Claude,Chassé,Claude Chassé,Male,French (Canada)
Laura,Cunha,Laura Cunha,Laura,Cunha,Laura Cunha,Female,Portuguese (Brazil)
Rakia,Mirza,Rakia Mirza,رکیہ,مرزا,رکیہ مرزا,Female,Punjabi (Pakistan)
Meital,Zohar,Meital Zohar,מיטל,זוהר,מיטל זוהר,Female,Hebrew
Slobodan,Raskovic,Slobodan Raskovic,Слободан,Рашковић,Слободан Рашковић,Male,Serbian (Cyrillic - Serbia)
Ararat,Torosyan,Ararat Torosyan,Արարատ,Թորոսյան,Արարատ Թորոսյան,Male,Armenian
Sisanda,Fela,Sisanda Fela,Sisanda,Fela,Sisanda Fela,Female,isiXhosa
Richa,Choukse,Richa Choukse,ऋचा,चौकसे,ऋचा चौकसे,Female,Hindi
Hoa,Ly,Ly Hoa,Hoa,Lý,Lý Thị Hoa,Female,Vietnamese
Lachit,Borkakati,Lachit Borkakati,লাচিত,বৰকাকতি,লাচিত বৰকাকতি,Male,Assamese
Finja,Weber,Finja Weber,Finja,Weber,Finja Weber,Gender neutral,German
Huy,Cao,Cao Huy,Huy,Cao,Cao Quang Huy,Male,Vietnamese
Dorotea,Ceh,Dorotea Ceh,Dorotea,Čeh,Dorotea Čeh,Female,Croatian
Selhadin,Jemal,Selhadin Jemal,ስልሃዲን,ጀማል,ስልሃዲን   ጀማል,Male,Amharic
Branimira,Taseva,Branimira Taseva,Бранимира,Тасева,Бранимира Тасева,Female,Bulgarian
Jiao,Niu,Jiao Niu,娇,牛,牛娇,Female,Chinese Simplified (China)
Rene,Tamme,Rene Tamme,Rene,Tamme,Rene Tamme,Gender neutral,Estonian
Chun-Woo,Song,Chun-Woo Song,천우,송,송천우,Male,Korean
Mateus,Rodrigues,Mateus Rodrigues,Mateus,Rodrigues,Mateus Rodrigues,Male,Portuguese (Brazil)
Stoyanka,Ilieva,Stoyanka Ilieva,Стоянка,Илиева,Стоянка Илиева,Female,Bulgarian
Larissa,Sevilla,Larissa Sevilla,Larissa,Sevilla,Larissa Sevilla,Female,Spanish (Spain)
Batsukh,Dash,Batsukh Dash,Батсүх,Даш,Батсүх Даш,Male,Mongolian
Maciej,Dudek,Maciej Dudek,Maciej,Dudek,Maciej Dudek,Male,Polish
Noam,Maoz,Noam Maoz,נעם,מעוז,נעם מעוז,Male,Hebrew
Alejandra,Torrez,Alejandra Torrez,Alejandra,Torrez,Alejandra Torrez,Female,Quechua
Henry,Ross,Henry Ross,Henry,Ross,Henry Ross,Male,English (United States)
Pedro,Sapón,Pedro Sapón,Pedro,Sapón,Pedro Sapón,Male,K'iche'
Piseth,San,Piseth San,ពិសិដ្ឋ,សាន,ពិសិដ្ឋ សាន,Male,Khmer
Sagar,Regmi,Sagar Regmi,सागर,रेग्मी,सागर रेग्मी,Male,Nepali
Dilbar,Latifova,Dilbar Latifova,Дилбар,Латифова,Дилбар Латифова,Female,Tajik
Yordan,Vasilev,Yordan Vasilev,Йордан,Василев,Йордан Василев,Male,Bulgarian
Niamh,O’Connell,Niamh O’Connell,Niamh,O’Connell,Niamh O’Connell,Female,English (United Kingdom)
Sonja,Zorko,Sonja Zorko,Sonja,Zorko,Sonja Zorko,Female,Slovenian
Nikola,Janu,Nikola Janu,Nikola,Janů,Nikola Janů,Gender neutral,Czech
Vuyani,Xhongwana,Vuyani Xhongwana,Vuyani,Xhongwana,Vuyani Xhongwana,Male,isiXhosa
Zinaida,Lashkouskaya,Zinaida Lashkouskaya,Зінаіда,Лашкоўская,Зінаіда Лашкоўская,Female,Belarussian
Nadezhda,Konstantinova,Nadezhda Konstantinova,Надежда,Константинова,Надежда Константинова,Female,Bulgarian
Thulani,Gumede,Thulani Gumede,Thulani,Gumede,Thulani Gumede,Male,isiZulu
Lois,Busto,Lois Busto,Lois,Busto,Lois Busto,Male,Galician
Bazarbay,Abildauly,Bazarbay Abildauly,Базарбай,Әбілдаұлы,Базарбай Әбілдаұлы,Male,Kazakh
Nadezhda,Gincheva,Nadezhda Gincheva,Надежда,Гинчева,Надежда Гинчева,Female,Bulgarian
Quinn,Radley,Quinn Radley,Quinn,Radley,Quinn Radley,Gender neutral,English (United Kingdom)
Tryntsje,Kuiters,Tryntsje Kuiters,Tryntsje,Kuiters,Tryntsje Kuiters,Female,Dutch
Lassi,Kalliomäki,Lassi Kalliomäki,Lassi,Kalliomäki,Lassi Kalliomäki,Male,Finnish
Tuguldur,Bariadii,Tuguldur Bariadii,Төгөлдөр,Бариадий,Төгөлдөр Бариадий,Male,Mongolian
Biju,Banerjee,Biju Banerjee,বিজু,ব্যানার্জি,বিজু ব্যানার্জি,Male,Bangla (Bangladesh)
Chrysostomos,Fotopoulos,Chrysostomos Fotopoulos,Χρυσόστομος,Φωτόπουλος,Χρυσόστομος Φωτόπουλος,Male,Greek
Hurbil,Elizagutia,Hurbil Elizagutia,Hurbil,Elizagutia,Hurbil Elizagutia,Gender neutral,Basque
Pedro,Armijo,Pedro Armijo,Pedro,Armijo,Pedro Armijo,Male,Spanish (Spain)
Dildora,Nasriddinova,Dildora Nasriddinova,Dildora,Nasriddinova,Dildora Nasriddinova,Female,Uzbek
Klemmet,Reiersen,Klemmet Reiersen,Klemmet,Reiersen,Klemmet Reiersen,Male,Norwegian
Naza,Helin,Naza Helin,نازا,ھەڵین,نازا ھەڵین,Female,Kurdish
Viktoria,Mrazova,Viktoria Mrazova,Viktória,Mrázová,Viktória Mrázová,Female,Slovak
Liane,Cormier,Liane Cormier,Liane,Cormier,Liane Cormier,Female,French (Canada)
Audrey,Dumoulin,Audrey Dumoulin,Audrey,Dumoulin,Audrey Dumoulin,Female,French (Canada)
Vanhi,Dutta,Vanhi Dutta,বহ্নি,দত্ত,বহ্নি দত্ত,Female,Bengali (India)
Amari,Rivera,Amari Rivera,Amari,Rivera,Amari Rivera,Gender neutral,English (United States)
Bothilde,Lund,Mathilde Lund,Bothilde,Lund,Mathilde Lund,Female,Danish
Amani,Kipkirui,Amani Kipkirui,Amani,Kipkirui,Amani Kipkirui,Gender neutral,Kiswahili
Parimal,Kar,Parimal Kar,পরিমল,কর,পরিমল কর,Male,Bengali (India)
Jefferson,Lee,Jefferson Lee,Lee,Jefferson Lee,Lee Jefferson Lee,Male,Malay
Tarja,Hyypiä,Tarja Hyypiä,Tarja,Hyypiä,Tarja Hyypiä,Female,Finnish
Miles,Abolrous,Miles Abolrous,Maoilios,Abolrous,Maoilios Abolrous,Male,Scottish Gaelic
Dusan,Govedarica,Dusan Govedarica,Dušan,Govedarica,Dušan Govedarica,Male,Serbian (Latin - Serbia)
Jan,Breedveld,Jan Breedveld,Jan,Breedveld,Jan Breedveld,Male,Dutch
Grace,Tabone,Grace Tabone,Grace,Tabone,Grace Tabone,Female,Maltese
Leonas,Petronis,Leonas Petronis,Leonas,Petronis,Leonas Petronis,Male,Lithuanian
Bayan,Al-Sulami,Bayan Al-Sulami,بيان,السلمي,بيان السلمي,Gender neutral,Arabic
Imtiyaz,Salman,Imtiyaz Salman,امتياز,سلمان,امتياز سلمان,Male,Arabic
Yasemin,Ozkan,Yasemin Ozkan,Yasemin,Özkan,Yasemin Özkan,Female,Turkish
Ger,Veenhuizen,Ger Veenhuizen,Ger,Veenhuizen,Ger Veenhuizen,Male,Dutch
Pontus,Jutila,Pontus Jutila,Pontus,Jutila,Pontus Jutila,Male,Finnish
Dónal,Mac Cárthaigh,Dónal Mac Cárthaigh,Dónal,Mac Cárthaigh,Dónal Mac Cárthaigh,Male,Irish
Kiettisuk,Pornpradub,Kiettisuk Pornpradub,เกียรติศักดิ์,พรประดับ,เกียรติศักดิ์ พรประดับ,Male,Thai
Dany,Bélisle,Claude Bélisle,Claude,Bélisle,Claude Bélisle,Gender neutral,French (Canada)
Haoxuan,Zhou,Zhou Haoxuan,皓轩,周,周皓轩,Male,Chinese Simplified (China)
Dinabondhu,Bharali,Dinabondhu Bharali,দিনবন্ধু,ভৰালী,দিনবন্ধু ভৰালী,Male,Assamese
Rizky,Anugrah,Rizky Anugrah,Rizky,Anugrah,Rizky Anugrah,Male,Indonesian
Cipriana,Niculescu,Cipriana Niculescu,Cipriana,Niculescu,Cipriana Niculescu,Female,Romanian
Ruben,Ghukasyan,Ruben Ghukasyan,Ռուբեն,Ղուկասյան,Ռուբեն Ղուկասյան,Male,Armenian
Mehmet,Yildirim,Mehmet Yildirim,Mehmet,Yıldırım,Mehmet Yıldırım,Male,Turkish
Abira,Sharipkyzy,Abira Sharipkyzy,Абира,Шәріпқызы,Абира Шәріпқызы,Female,Kazakh
Alexandre,Chauvin,Alexandre Chauvin,Alexandre,Chauvin,Alexandre Chauvin,Male,French (Canada)
Thabani,Ngubani,Thabani Ngubani,Thabani,Ngubani,Thabani Ngubani,Male,isiZulu
George,Tindall,George Tindall,George,Tindall,George Tindall,Male,English (United Kingdom)
Mojca,Klemencic,Mojca Klemencic,Mojca,Klemenčič,Mojca Klemenčič,Female,Slovenian
Adam,Horvath,Adam Horvath,Adam,Horváth,Adam Horváth,Male,Slovak
Christoph,Werner,Christoph Werner,Christoph,Werner,Christoph Werner,Male,German
Manmaya,Panigrahi,Manmaya Panigrahi,ମନ୍ମୟ,ପାଣିଗ୍ରାହୀ,ମନ୍ମୟ ପାଣିଗ୍ରାହୀ,Male,Oriya
Ali,Ayaz,Ali Ayaz,علي,اياز,علي اياز,Male,Sindhi (Pakistan)
Vladimir,Djokic,Vladimir Djokic,Владимир,Ђокић,Владимир Ђокић,Male,Serbian (Cyrillic - BiH)
Juliane,Nørgård,Juliane Nørgård,Juliane,Nørgård,Juliane Nørgård,Female,Danish
Amleset,Fitwi,Amleset Fitwi,ኣምለሰት,ፍትዊ,ኣምለሰት ፍትዊ,Female,Tigrinya
Se-hyeon,Yu,Se-hyeon Yu,세현,유,유세현,Gender neutral,Korean
Alex,Gagnon,Alex Gagnon,Alex,Gagnon,Alex Gagnon,Gender neutral,French (Canada)
Bjørn,Rosendal,Bjørn Rosendal,Bjørn,Rosendal,Bjørn Rosendal,Male,Norwegian
Anouk,van de Meer,Anouk van de Meer,Anouk,van de Meer,Anouk van de Meer,Female,Dutch
